{"cameraMode":{"drawMode":0,"name":"Shaded","section":"Shading Mode"},"sceneLighting":false,"audioPlay":false,"sceneViewState":{"showFog":true,"showMaterialUpdate":false,"showSkybox":true,"showFlares":true,"showImageEffects":true,"showParticleSystems":true},"in2DMode":false,"pivot":{"x":0.6800000667572022,"y":-0.5199999809265137,"z":2.18220853805542},"rotation":{"x":-0.24402104318141938,"y":0.12698563933372498,"z":-0.03224615380167961,"w":-0.9608790874481201},"size":8.889474868774414,"orthographic":false}