{"cameraMode":{"drawMode":0,"name":"Shaded","section":"Shading Mode"},"sceneLighting":false,"audioPlay":false,"sceneViewState":{"showFog":true,"showMaterialUpdate":false,"showSkybox":true,"showFlares":true,"showImageEffects":true,"showParticleSystems":true},"in2DMode":false,"pivot":{"x":18.223388671875,"y":-0.8609619140625,"z":111.32281494140625},"rotation":{"x":-0.22704847157001496,"y":0.19734898209571839,"z":-0.047041505575180057,"w":-0.9525175094604492},"size":5390.8369140625,"orthographic":false}