{"cameraMode":{"drawMode":0,"name":"Shaded","section":"Shading Mode"},"sceneLighting":false,"audioPlay":false,"sceneViewState":{"showFog":true,"showMaterialUpdate":false,"showSkybox":true,"showFlares":true,"showImageEffects":true,"showParticleSystems":true},"in2DMode":false,"pivot":{"x":-1.484654426574707,"y":2.510000228881836,"z":6.960999488830566},"rotation":{"x":-0.20860759913921357,"y":-0.7093097567558289,"z":0.2344284951686859,"w":-0.6311941146850586},"size":10.054947853088379,"orthographic":false}