{"cameraMode":{"drawMode":0,"name":"Shaded","section":"Shading Mode"},"sceneLighting":false,"audioPlay":false,"sceneViewState":{"showFog":true,"showMaterialUpdate":false,"showSkybox":true,"showFlares":true,"showImageEffects":true,"showParticleSystems":true},"in2DMode":false,"pivot":{"x":84.83999633789063,"y":8.4399995803833,"z":26.39999771118164},"rotation":{"x":-0.3772988021373749,"y":0.0743323341012001,"z":-0.03039652667939663,"w":-0.9226030707359314},"size":9.12175464630127,"orthographic":false}