{"cameraMode":{"drawMode":0,"name":"Shaded","section":"Shading Mode"},"sceneLighting":false,"audioPlay":false,"sceneViewState":{"showFog":true,"showMaterialUpdate":false,"showSkybox":true,"showFlares":true,"showImageEffects":true,"showParticleSystems":true},"in2DMode":false,"pivot":{"x":61.02167510986328,"y":4.658492088317871,"z":84.39826965332031},"rotation":{"x":0.12553441524505616,"y":0.8685747981071472,"z":-0.38881734013557436,"w":0.2804284989833832},"size":66.08653259277344,"orthographic":false}