{"cameraMode":{"drawMode":0,"name":"Shaded","section":"Shading Mode"},"sceneLighting":false,"audioPlay":false,"sceneViewState":{"showFog":true,"showMaterialUpdate":false,"showSkybox":true,"showFlares":true,"showImageEffects":true,"showParticleSystems":true},"in2DMode":false,"pivot":{"x":147.750244140625,"y":14.299544334411621,"z":79.34146118164063},"rotation":{"x":-0.1968042552471161,"y":-0.6285341382026672,"z":0.16868668794631959,"w":-0.7333196997642517},"size":12.262626647949219,"orthographic":false}