{"cameraMode":{"drawMode":0,"name":"Shaded","section":"Shading Mode"},"sceneLighting":false,"audioPlay":false,"sceneViewState":{"showFog":true,"showMaterialUpdate":false,"showSkybox":true,"showFlares":true,"showImageEffects":true,"showParticleSystems":true},"in2DMode":false,"pivot":{"x":-1.484654426574707,"y":2.510000228881836,"z":6.960999488830566},"rotation":{"x":0.2907417416572571,"y":-0.4386962950229645,"z":0.152473583817482,"w":0.8365205526351929},"size":10.054947853088379,"orthographic":false}