{"cameraMode":{"drawMode":0,"name":"Shaded","section":"Shading Mode"},"sceneLighting":false,"audioPlay":false,"sceneViewState":{"showFog":true,"showMaterialUpdate":false,"showSkybox":true,"showFlares":true,"showImageEffects":true,"showParticleSystems":true},"in2DMode":false,"pivot":{"x":-0.0013159029185771943,"y":0.054327670484781268,"z":0.10094690322875977},"rotation":{"x":-0.11175677925348282,"y":0.8525750041007996,"z":-0.20350442826747895,"w":-0.46820127964019778},"size":2.025567054748535,"orthographic":false}