{"cameraMode":{"drawMode":0,"name":"Shaded","section":"Shading Mode"},"sceneLighting":false,"audioPlay":false,"sceneViewState":{"showFog":true,"showMaterialUpdate":false,"showSkybox":true,"showFlares":true,"showImageEffects":true,"showParticleSystems":true},"in2DMode":false,"pivot":{"x":709.7731323242188,"y":86.37017059326172,"z":96.09915924072266},"rotation":{"x":-0.16258999705314637,"y":0.04674827307462692,"z":-0.007711880840361118,"w":-0.9855555891990662},"size":2.3334522247314455,"orthographic":false}