{"cameraMode":{"drawMode":0,"name":"Shaded","section":"Shading Mode"},"sceneLighting":false,"audioPlay":false,"sceneViewState":{"showFog":true,"showMaterialUpdate":false,"showSkybox":true,"showFlares":true,"showImageEffects":true,"showParticleSystems":true},"in2DMode":false,"pivot":{"x":13.540802001953125,"y":1.7219963073730469,"z":4.15524959564209},"rotation":{"x":0.07489597797393799,"y":0.02991112694144249,"z":-0.00224760128185153,"w":0.9967401623725891},"size":275.1759033203125,"orthographic":true}