{"cameraMode":{"drawMode":0,"name":"Shaded","section":"Shading Mode"},"sceneLighting":false,"audioPlay":false,"sceneViewState":{"showFog":true,"showMaterialUpdate":false,"showSkybox":true,"showFlares":true,"showImageEffects":true,"showParticleSystems":true},"in2DMode":false,"pivot":{"x":711.4818725585938,"y":89.81999969482422,"z":97.36815643310547},"rotation":{"x":-0.16258999705314637,"y":0.04674827307462692,"z":-0.007711880840361118,"w":-0.9855555891990662},"size":23.334524154663087,"orthographic":false}