{"cameraMode":{"drawMode":0,"name":"Shaded","section":"Shading Mode"},"sceneLighting":false,"audioPlay":false,"sceneViewState":{"showFog":true,"showMaterialUpdate":false,"showSkybox":true,"showFlares":true,"showImageEffects":true,"showParticleSystems":true},"in2DMode":false,"pivot":{"x":0.6387002468109131,"y":1.5956511497497559,"z":1.690500020980835},"rotation":{"x":0.008791133761405945,"y":0.9901281595230103,"z":-0.07290604710578919,"w":0.11938861757516861},"size":12.236963272094727,"orthographic":true}