{"cameraMode":{"drawMode":0,"name":"Shaded","section":"Shading Mode"},"sceneLighting":false,"audioPlay":false,"sceneViewState":{"showFog":true,"showMaterialUpdate":false,"showSkybox":true,"showFlares":true,"showImageEffects":true,"showParticleSystems":true},"in2DMode":false,"pivot":{"x":165.05999755859376,"y":2.0900001525878908,"z":-41.73999786376953},"rotation":{"x":-0.00014380854554474354,"y":0.9927000999450684,"z":-0.12060315161943436,"w":-0.001195291755720973},"size":8.098190307617188,"orthographic":false}