{"cameraMode":{"drawMode":0,"name":"Shaded","section":"Shading Mode"},"sceneLighting":false,"audioPlay":false,"sceneViewState":{"showFog":true,"showMaterialUpdate":false,"showSkybox":true,"showFlares":true,"showImageEffects":true,"showParticleSystems":true},"in2DMode":false,"pivot":{"x":636.8699951171875,"y":89.87000274658203,"z":72.89500427246094},"rotation":{"x":0.04394790902733803,"y":-0.897935688495636,"z":0.42811623215675356,"w":0.0921773612499237},"size":22.1937313079834,"orthographic":true}