{"cameraMode":{"drawMode":0,"name":"Shaded","section":"Shading Mode"},"sceneLighting":false,"audioPlay":false,"sceneViewState":{"showFog":true,"showMaterialUpdate":false,"showSkybox":true,"showFlares":true,"showImageEffects":true,"showParticleSystems":true},"in2DMode":false,"pivot":{"x":1.0900001525878907,"y":0.15000000596046449,"z":2.3000001907348635},"rotation":{"x":0.30236685276031496,"y":0.4802102744579315,"z":-0.18075314164161683,"w":0.8033061027526856},"size":46.66904830932617,"orthographic":true}