{"cameraMode":{"drawMode":0,"name":"Shaded","section":"Shading Mode"},"sceneLighting":false,"audioPlay":false,"sceneViewState":{"showFog":true,"showMaterialUpdate":false,"showSkybox":true,"showFlares":true,"showImageEffects":true,"showParticleSystems":true},"in2DMode":false,"pivot":{"x":-0.8859999179840088,"y":1.5124189853668213,"z":-6.090000152587891},"rotation":{"x":0.27902016043663027,"y":-0.2151663899421692,"z":0.0643015205860138,"w":0.9336576461791992},"size":2.8578848838806154,"orthographic":true}