{"cameraMode":{"drawMode":0,"name":"Shaded","section":"Shading Mode"},"sceneLighting":false,"audioPlay":false,"sceneViewState":{"showFog":true,"showMaterialUpdate":false,"showSkybox":true,"showFlares":true,"showImageEffects":true,"showParticleSystems":true},"in2DMode":false,"pivot":{"x":702.6988525390625,"y":86.56439971923828,"z":101.19684600830078},"rotation":{"x":0.0024580478202551605,"y":-0.9868881106376648,"z":0.1606796532869339,"w":0.015096500515937806},"size":4.135988712310791,"orthographic":true}