{"cameraMode":{"drawMode":0,"name":"Shaded","section":"Shading Mode"},"sceneLighting":false,"audioPlay":false,"sceneViewState":{"showFog":true,"showMaterialUpdate":false,"showSkybox":true,"showFlares":true,"showImageEffects":true,"showParticleSystems":true},"in2DMode":false,"pivot":{"x":-1.563173532485962,"y":1.6900808811187745,"z":54.323116302490237},"rotation":{"x":0.27718058228492739,"y":0.08517812192440033,"z":-0.02467774786055088,"w":0.9567165374755859},"size":18.269474029541017,"orthographic":false}