{"cameraMode":{"drawMode":0,"name":"Shaded","section":"Shading Mode"},"sceneLighting":false,"audioPlay":false,"sceneViewState":{"showFog":true,"showMaterialUpdate":false,"showSkybox":true,"showFlares":true,"showImageEffects":true,"showParticleSystems":true},"in2DMode":false,"pivot":{"x":-1.484654426574707,"y":2.510000228881836,"z":6.960999488830566},"rotation":{"x":0.35735809803009035,"y":0.4331876039505005,"z":-0.19235801696777345,"w":0.8047621250152588},"size":10.054947853088379,"orthographic":true}