{"cameraMode":{"drawMode":0,"name":"Shaded","section":"Shading Mode"},"sceneLighting":false,"audioPlay":false,"sceneViewState":{"showFog":true,"showMaterialUpdate":false,"showSkybox":true,"showFlares":true,"showImageEffects":true,"showParticleSystems":true},"in2DMode":false,"pivot":{"x":0.8397172093391419,"y":1.521877408027649,"z":4.021457672119141},"rotation":{"x":0.21062536537647248,"y":0.4782223105430603,"z":-0.1193123608827591,"w":0.8442185521125794},"size":2.5624659061431886,"orthographic":true}