{"cameraMode":{"drawMode":0,"name":"Shaded","section":"Shading Mode"},"sceneLighting":false,"audioPlay":false,"sceneViewState":{"showFog":true,"showMaterialUpdate":false,"showSkybox":true,"showFlares":true,"showImageEffects":true,"showParticleSystems":true},"in2DMode":false,"pivot":{"x":0.342282772064209,"y":-0.226762592792511,"z":0.5776318311691284},"rotation":{"x":-0.01383107341825962,"y":0.9840895533561707,"z":-0.08880798518657685,"w":-0.1532633751630783},"size":1.6794127225875855,"orthographic":true}