{"cameraMode":{"drawMode":0,"name":"Shaded","section":"Shading Mode"},"sceneLighting":true,"audioPlay":false,"sceneViewState":{"showFog":true,"showMaterialUpdate":false,"showSkybox":true,"showFlares":true,"showImageEffects":true,"showParticleSystems":true},"in2DMode":false,"pivot":{"x":35.23986053466797,"y":-42.329933166503909,"z":64.34025573730469},"rotation":{"x":0.4972919821739197,"y":-0.17950154840946198,"z":0.10599406063556671,"w":0.8421670198440552},"size":2.002737522125244,"orthographic":true}